{
  "generator-jhipster": {
    "applicationType": "monolith",
    "authenticationType": "jwt",
    "baseName": "VenteEnLigne",
    "blueprints": [],
    "buildTool": "maven",
    "cacheProvider": "ehcache",
    "clientFramework": "react",
    "clientPackageManager": "npm",
    "clientTheme": "none",
    "clientThemeVariant": "",
    "creationTimestamp": 1685532431559,
    "databaseType": "sql",
    "devDatabaseType": "mysql",
    "devServerPort": 9060,
    "dtoSuffix": "DTO",
    "enableGradleEnterprise": false,
    "enableHibernateCache": true,
    "enableSwaggerCodegen": "true",
    "enableTranslation": true,
    "entitySuffix": "",
    "gitCompany": "",
    "jhiPrefix": "jhi",
    "jhipsterVersion": "7.9.3",
    "jwtSecretKey": "NTRiYzFiYTFlY2Q5NTJiZTUyMWUzMmZlYWEyNmI4NzVjNzA3OWE1NTk4NmE2YTAyY2E3MTU0M2Q0M2ZkZjgzNmJmOWEyYWFhZTg3ZDU4YTBkYTFmODUwMmI4YzkyZWMzZmQ3YTJmZWRlYmY5MGJjMjVjNDFkNTMxZTE3ZDk2ZjY=",
    "languages": ["fr", "en"],
    "messageBroker": false,
    "nativeLanguage": "fr",
    "otherModules": [],
    "packageFolder": "com/mycompany/ventenligne",
    "packageName": "com.mycompany.ventenligne",
    "pages": [],
    "prodDatabaseType": "mysql",
    "reactive": false,
    "searchEngine": false,
    "serverPort": 9999,
    "serviceDiscoveryType": "eureka",
    "skipCheckLengthOfIdentifier": false,
    "skipClient": false,
    "skipFakeData": false,
    "skipUserManagement": false,
    "testFrameworks": ["cypress"],
    "useSass": true,
    "websocket": false,
    "withAdminUi": true
  }
}
